frame,time,header,menu,sidebar,chart,toast,bottom
0,0.059,-1,-1,-1,-1,-1,-1
1,0.06,0,0,0,24804,1417,5611
2,0.107,0,0,0,26970,998,4773
3,0.155,0,0,0,28783,1500,5794
4,0.239,0,0,0,37422,2111,7725
5,0.282,0,0,0,23034,1238,5009
6,0.295,0,0,0,34653,1080,6681
7,0.348,0,0,0,27644,2003,5008
8,0.374,0,0,0,35279,2493,7766
9,0.403,0,0,0,27098,1311,5300
10,0.436,0,0,0,29002,2564,9174
11,0.48,0,0,0,25097,1263,12303
12,0.504,0,0,0,32640,1082,16648
13,0.541,0,0,0,34370,1803,16455
14,0.59,0,0,0,32063,1174,8514
15,0.621,0,0,0,31917,1706,13778
16,0.654,0,0,0,35041,2084,11545
17,0.693,0,0,0,47638,7180,13671
18,0.72,0,0,0,46254,6949,7870
19,0.756,0,0,0,58546,11581,16280
20,0.79,0,0,0,65193,10421,22375
21,0.841,0,0,0,52794,6781,24467
22,0.879,0,0,0,45571,4140,23205
23,0.94,0,0,0,47300,4021,13596
24,0.977,0,0,0,57340,2158,23664
25,1.006,0,0,0,39871,880,12844
26,1.03,0,0,0,35437,1024,10984
27,1.06,0,0,0,27591,902,6772
28,1.09,0,0,0,29317,1420,8931
29,1.127,0,0,0,32076,1890,8886
30,1.173,0,0,0,35147,1309,9234
31,1.204,0,0,0,37947,818,11137
32,1.238,0,0,0,37282,1728,9262
33,1.271,0,0,0,31750,924,6819
34,1.293,0,0,0,33145,1956,7060
35,1.328,0,0,0,26477,1162,5350
36,1.365,0,0,0,29918,1450,6168
37,1.395,0,0,0,30180,1565,8248
38,1.428,0,0,0,26655,1019,4906
39,1.46,0,0,0,30120,1458,7391
40,1.494,0,0,0,30860,2735,5968
41,1.539,0,0,0,39092,1556,9453
42,1.574,0,0,0,35450,1818,9453
43,1.615,0,0,0,32334,1413,9609
44,1.674,0,0,0,57811,7082,19860
45,1.726,0,0,0,46764,6641,14073
46,1.748,0,0,0,49865,7193,6429
47,1.785,0,0,0,48764,6553,6362
48,1.823,0,0,0,41200,6877,4958
49,1.858,0,0,0,24631,1320,4381
50,1.931,0,0,0,24523,1258,5401
51,1.953,0,0,0,26267,1125,5552
52,1.992,0,0,0,31513,2393,6036
53,2.023,0,0,0,30988,2477,6052
54,2.061,0,0,0,27405,1707,5123
55,2.1,0,0,0,30783,864,6109
56,2.146,0,0,0,27403,662,5435
57,2.161,0,0,0,29072,901,5059
58,2.197,0,0,0,26117,956,5225
59,2.232,0,0,0,25316,1373,4818
60,2.255,0,0,0,28152,1714,5672
61,2.284,0,0,0,24919,1053,5063
62,2.33,0,0,0,27563,972,5545
63,2.361,0,0,0,32205,1939,6603
64,2.387,0,0,0,27007,1516,5241
65,2.432,0,0,0,32312,2572,6563
66,2.457,0,0,0,29419,1617,6046
67,2.49,0,0,0,27096,1330,5342
68,2.522,0,0,0,26675,1151,4639
69,2.557,0,0,0,25285,1268,6423
70,2.589,0,0,0,29535,1062,5514
71,2.629,0,0,0,33752,1158,6004
72,2.656,0,0,0,30665,1826,7217
73,2.688,0,0,0,35728,1585,5964
74,2.717,0,0,0,31335,906,5255
75,2.756,0,0,0,28117,1202,5990
76,2.786,0,0,0,40642,6829,3611
77,2.952,0,0,0,24828,1181,4798
78,3.008,0,0,0,37218,2835,7319
79,3.09,0,0,0,41744,2474,8007
80,3.135,0,0,0,33186,1888,6222
81,3.159,0,0,0,37936,1589,6819
82,3.217,0,0,0,27839,1332,4858
83,3.246,0,0,0,29034,825,6326
84,3.271,0,0,0,36729,2179,6379
85,3.307,0,0,0,34309,2355,6369
86,3.34,0,0,0,26863,1883,5659
87,3.373,0,0,0,25949,1629,5297
88,3.407,0,0,0,24434,1110,4828
89,3.441,0,0,0,31221,1232,5070
90,3.476,0,0,0,26579,1887,5916
91,3.553,0,0,0,27414,1434,6247
92,3.57,0,0,0,34014,1962,6977
93,3.616,0,0,0,29874,1999,5417
94,3.666,0,0,0,38050,1678,6839
95,3.706,0,0,0,52643,6672,6997
96,3.743,0,0,0,51615,7779,7378
97,3.798,0,0,0,53329,11290,5576
98,3.849,0,0,0,60389,12338,6608
99,3.903,0,0,0,32788,1086,6471
100,3.921,0,0,0,28878,1780,5931
101,3.946,0,0,0,27532,1288,5956
102,3.983,0,0,0,32761,2201,5835
103,4.023,0,0,0,27945,1526,5476
104,4.053,0,0,0,30710,1389,5171
105,4.115,0,0,0,32538,1646,5338
106,4.162,0,0,0,32101,1592,5661
107,4.266,0,0,0,39771,2236,8060
108,4.386,0,0,0,27399,1421,5445
109,4.4,0,0,0,44745,2636,8571
110,4.48,0,0,0,28426,1345,5988
111,4.523,0,0,0,39367,2551,7665
112,4.565,0,0,0,33586,1471,5972
113,4.578,0,0,0,31941,1574,6977
114,4.609,0,0,0,28999,1692,5102
115,4.643,0,0,0,43820,7569,5279
116,4.679,0,0,0,29912,1646,5698
117,4.725,0,0,0,25683,1268,4981
118,4.758,0,0,0,26669,1740,5283
119,4.78,0,0,0,23965,832,4480
120,4.814,0,0,0,24531,1386,4514
121,4.85,0,0,0,23467,2006,5591
122,4.882,0,0,0,20885,1511,5104
123,4.912,0,0,0,29004,2471,6260
124,4.958,0,0,0,24142,2251,5168
125,4.989,0,0,0,30072,1581,6077
126,5.012,0,0,0,29761,1137,5857
127,5.047,0,0,0,27867,1424,5542
128,5.076,0,0,0,28183,1171,5059
129,5.112,0,0,0,26117,1148,4612
130,5.145,0,0,0,26267,1487,5051
131,5.179,0,0,0,26709,1521,5582
132,5.211,0,0,0,24471,1019,5547
133,5.248,0,0,0,24216,1449,5503
134,5.287,0,0,0,31596,3227,6627
135,5.316,0,0,0,28587,1916,6117
136,5.347,0,0,0,27043,2286,6143
137,5.378,0,0,0,30607,2785,6187
138,5.424,0,0,0,24047,1955,5158
139,5.445,0,0,0,28684,1986,5911
140,5.582,0,0,0,26652,2299,5481
141,5.596,0,0,0,45823,3476,8645
142,5.627,0,0,0,27479,1894,4623
143,5.655,0,0,0,48895,7362,6629
144,5.679,0,0,0,44748,7662,5334
145,5.715,0,0,0,47148,7410,6669
146,5.75,0,0,0,44724,6840,3791
147,5.781,0,0,0,46645,6842,6065
148,5.812,0,0,0,45712,7131,5219
149,5.864,0,0,0,23393,1737,5195
150,5.908,0,0,0,29497,3019,6733
151,5.931,0,0,0,28654,2550,6692
152,5.975,0,0,0,26254,2199,4225
153,5.998,0,0,0,21824,1453,3460
154,6.041,0,0,0,23214,1802,4160
155,6.076,0,0,0,25775,1804,5143
156,6.115,0,0,0,25458,1747,6178
157,6.134,0,0,0,29983,2345,6334
158,6.175,0,0,0,23146,1917,5132
159,6.199,0,0,0,26901,2548,5609
160,6.239,0,0,0,26560,2751,5898
161,6.277,0,0,0,23892,1308,4751
162,6.316,0,0,0,29427,2722,5379
163,6.335,0,0,0,28986,1977,5611
164,6.382,0,0,0,33226,1922,6170
165,6.402,0,0,0,29190,2047,5946
166,6.45,0,0,0,25442,1859,4778
167,6.477,0,0,0,31563,2121,5052
168,6.516,0,0,0,33560,2627,5792
169,6.62,0,0,0,30482,1780,5854
170,6.644,0,0,0,32145,1541,5096
171,6.663,0,0,0,42590,2983,8859
172,6.703,0,0,0,28306,1413,5095
173,6.727,0,0,0,23981,1100,4336
174,6.76,0,0,0,32131,4118,5992
175,6.795,0,0,0,24315,942,5058
176,6.83,0,0,0,28257,1155,5176
177,6.895,0,0,0,33377,2600,6133
178,6.899,0,0,0,26275,1351,6035
179,6.951,0,0,0,30577,1118,5968
180,7.017,0,0,0,25439,1129,5262
181,7.044,0,0,0,47969,5934,17949
182,7.079,0,0,0,53730,5976,17949
183,7.128,0,0,0,57218,2677,21920
184,7.167,0,0,0,53559,1824,9959
185,7.221,0,0,0,44012,1074,8456
186,7.295,0,0,0,57131,2321,10276
187,7.358,0,0,0,58998,2486,13400
188,7.384,0,0,0,28649,2185,10371
189,7.415,0,0,0,26687,1545,5055
190,7.461,0,0,0,28222,1461,5169
191,7.553,0,0,0,26985,1486,5743
192,7.585,0,0,0,26034,870,4849
193,7.613,0,0,0,41626,2337,8628
194,7.66,0,0,0,42603,6852,5115
195,7.694,0,0,0,44866,7032,6102
196,7.726,0,0,0,46089,6907,4583
197,7.755,0,0,0,40316,6532,5218
198,7.791,0,0,0,40074,6200,4544
199,7.818,0,0,0,42832,7160,4188
200,7.854,0,0,0,33571,2112,6784
201,7.889,0,0,0,28846,2453,6261
202,7.927,0,0,0,25580,1203,5046
203,7.952,0,0,0,30118,1020,6726
204,8.046,0,0,0,29404,1321,4960